algorithm,operation,mean_ms,stdev_ms,public_key_bytes,private_key_bytes,ciphertext_bytes,shared_secret_bytes,python,platform,processor,repeats
ECDH-P-256,KeyGen,0.04808,0.003446673114113892,33,32,0,32,3.11.9,Windows-10-10.0.19045-SP0,"AMD64 Family 23 Model 104 Stepping 1, AuthenticAMD",10
ECDH-P-256,KeyAgreement,0.2459,0.1392453948969229,33,32,0,32,3.11.9,Windows-10-10.0.19045-SP0,"AMD64 Family 23 Model 104 Stepping 1, AuthenticAMD",10
ML-KEM-512,KeyGen,3.97526,0.026672715980525365,800,1632,768,32,3.11.9,Windows-10-10.0.19045-SP0,"AMD64 Family 23 Model 104 Stepping 1, AuthenticAMD",10
ML-KEM-512,Encaps,5.82803,0.0416509850490425,800,1632,768,32,3.11.9,Windows-10-10.0.19045-SP0,"AMD64 Family 23 Model 104 Stepping 1, AuthenticAMD",10
ML-KEM-512,Decaps,8.30707,0.2189964385808847,800,1632,768,32,3.11.9,Windows-10-10.0.19045-SP0,"AMD64 Family 23 Model 104 Stepping 1, AuthenticAMD",10
ML-KEM-768,KeyGen,6.947579999999999,0.04207062316312113,1184,2400,1088,32,3.11.9,Windows-10-10.0.19045-SP0,"AMD64 Family 23 Model 104 Stepping 1, AuthenticAMD",10
ML-KEM-768,Encaps,9.33685,0.027034843772024805,1184,2400,1088,32,3.11.9,Windows-10-10.0.19045-SP0,"AMD64 Family 23 Model 104 Stepping 1, AuthenticAMD",10
ML-KEM-768,Decaps,12.44139,0.05287764598055068,1184,2400,1088,32,3.11.9,Windows-10-10.0.19045-SP0,"AMD64 Family 23 Model 104 Stepping 1, AuthenticAMD",10
ML-KEM-1024,KeyGen,10.5311,0.11104732724784018,1568,3168,1568,32,3.11.9,Windows-10-10.0.19045-SP0,"AMD64 Family 23 Model 104 Stepping 1, AuthenticAMD",10
ML-KEM-1024,Encaps,13.356530000000001,0.03616207497733915,1568,3168,1568,32,3.11.9,Windows-10-10.0.19045-SP0,"AMD64 Family 23 Model 104 Stepping 1, AuthenticAMD",10
ML-KEM-1024,Decaps,17.46302,0.19579967540547297,1568,3168,1568,32,3.11.9,Windows-10-10.0.19045-SP0,"AMD64 Family 23 Model 104 Stepping 1, AuthenticAMD",10
